VersionNumber,ClassName,LinesOfCode,AddedLOC,MaxAddedLOC,AvgAddedLOC,TouchedLOC,Churn,MaxChurn,AvgChurn,NumberOfAuthors,NumberOfRevisions,NumberOfDefectsFixed,Buggy
0,bookkeeper-benchmark/src/main/java/org/apache/bookkeeper/benchmark/MySqlClient.java,137.0,235.0,137.0,58.75,333.0,139.0,137.0,34.75,2,4,0,False
0,bookkeeper-benchmark/src/main/java/org/apache/bookkeeper/benchmark/TestClient.java,244.0,332.0,244.0,66.4,428.0,254.0,244.0,50.8,2,5,0,False
0,bookkeeper-server/src/main/java/org/apache/bookkeeper/bookie/Bookie.java,1026.0,1727.0,1026.0,123.35714,1947.0,1507.0,1026.0,107.64286,3,14,0,True
0,bookkeeper-server/src/main/java/org/apache/bookkeeper/bookie/BookieException.java,92.0,132.0,92.0,44.0,161.0,103.0,92.0,34.333332,3,3,0,True
0,bookkeeper-server/src/main/java/org/apache/bookkeeper/bookie/BufferedChannel.java,180.0,207.0,180.0,51.75,222.0,192.0,180.0,48.0,2,4,0,False
0,bookkeeper-server/src/main/java/org/apache/bookkeeper/bookie/EntryLogger.java,471.0,617.0,471.0,68.55556,779.0,535.0,471.0,59.444443,3,9,0,True
0,bookkeeper-server/src/main/java/org/apache/bookkeeper/bookie/FileInfo.java,204.0,290.0,204.0,58.0,296.0,284.0,204.0,56.8,3,5,0,True
0,bookkeeper-server/src/main/java/org/apache/bookkeeper/bookie/LedgerCache.java,551.0,636.0,551.0,90.85714,706.0,572.0,551.0,81.71429,3,7,0,True
0,bookkeeper-server/src/main/java/org/apache/bookkeeper/bookie/LedgerDescriptor.java,149.0,184.0,149.0,36.8,203.0,165.0,149.0,33.0,3,5,0,True
0,bookkeeper-server/src/main/java/org/apache/bookkeeper/bookie/LedgerEntryPage.java,157.0,170.0,157.0,56.666668,177.0,163.0,157.0,54.333332,3,3,0,True
0,bookkeeper-server/src/main/java/org/apache/bookkeeper/bookie/MarkerFileChannel.java,147.0,147.0,147.0,147.0,147.0,147.0,147.0,147.0,1,1,0,False
0,bookkeeper-server/src/main/java/org/apache/bookkeeper/client/AsyncCallback.java,137.0,280.0,137.0,56.0,412.0,152.0,137.0,30.4,3,5,0,True
0,bookkeeper-server/src/main/java/org/apache/bookkeeper/client/BKException.java,271.0,302.0,271.0,75.5,311.0,293.0,271.0,73.25,3,4,0,False
0,bookkeeper-server/src/main/java/org/apache/bookkeeper/client/BookKeeper.java,548.0,1178.0,548.0,130.88889,1670.0,686.0,548.0,76.22222,3,9,0,True
0,bookkeeper-server/src/main/java/org/apache/bookkeeper/client/BookKeeperAdmin.java,728.0,945.0,728.0,157.5,1148.0,896.0,728.0,149.33333,2,6,0,True
0,bookkeeper-server/src/main/java/org/apache/bookkeeper/client/BookieWatcher.java,205.0,213.0,205.0,53.25,220.0,206.0,205.0,51.5,2,4,0,True
0,bookkeeper-server/src/main/java/org/apache/bookkeeper/client/CRC32DigestManager.java,50.0,53.0,50.0,26.5,56.0,50.0,50.0,25.0,2,2,0,False
0,bookkeeper-server/src/main/java/org/apache/bookkeeper/client/DigestManager.java,185.0,208.0,185.0,41.6,230.0,186.0,185.0,37.2,3,5,0,True
0,bookkeeper-server/src/main/java/org/apache/bookkeeper/client/DistributionSchedule.java,61.0,66.0,61.0,22.0,71.0,61.0,61.0,20.333334,3,3,0,True
0,bookkeeper-server/src/main/java/org/apache/bookkeeper/client/LedgerCreateOp.java,157.0,200.0,157.0,25.0,253.0,171.0,157.0,21.375,3,8,0,True
0,bookkeeper-server/src/main/java/org/apache/bookkeeper/client/LedgerDeleteOp.java,81.0,93.0,81.0,23.25,104.0,82.0,81.0,20.5,3,4,0,False
0,bookkeeper-server/src/main/java/org/apache/bookkeeper/client/LedgerEntry.java,84.0,134.0,84.0,44.666668,183.0,85.0,84.0,28.333334,2,3,0,False
0,bookkeeper-server/src/main/java/org/apache/bookkeeper/client/LedgerHandle.java,762.0,1677.0,762.0,139.75,2377.0,985.0,762.0,82.083336,3,12,0,True
0,bookkeeper-server/src/main/java/org/apache/bookkeeper/client/LedgerMetadata.java,248.0,338.0,248.0,48.285713,378.0,302.0,248.0,43.142857,3,7,0,True
0,bookkeeper-server/src/main/java/org/apache/bookkeeper/client/LedgerOpenOp.java,169.0,261.0,169.0,29.0,324.0,200.0,169.0,22.222221,3,9,0,False
0,bookkeeper-server/src/main/java/org/apache/bookkeeper/client/LedgerRecoveryOp.java,196.0,242.0,196.0,40.333332,270.0,214.0,196.0,35.666668,3,6,0,True
0,bookkeeper-server/src/main/java/org/apache/bookkeeper/client/MacDigestManager.java,67.0,76.0,67.0,19.0,85.0,67.0,67.0,16.75,3,4,0,False
0,bookkeeper-server/src/main/java/org/apache/bookkeeper/client/PendingAddOp.java,165.0,209.0,165.0,52.25,226.0,192.0,165.0,48.0,3,4,0,True
0,bookkeeper-server/src/main/java/org/apache/bookkeeper/client/PendingReadOp.java,173.0,196.0,173.0,49.0,216.0,176.0,173.0,44.0,3,4,0,True
0,bookkeeper-server/src/main/java/org/apache/bookkeeper/client/ReadLastConfirmedOp.java,103.0,129.0,103.0,21.5,153.0,109.0,103.0,18.166666,2,6,0,True
0,bookkeeper-server/src/main/java/org/apache/bookkeeper/client/ReadOnlyLedgerHandle.java,78.0,78.0,78.0,78.0,78.0,78.0,78.0,78.0,1,1,0,True
0,bookkeeper-server/src/main/java/org/apache/bookkeeper/client/RoundRobinDistributionSchedule.java,87.0,88.0,87.0,44.0,89.0,87.0,87.0,43.5,2,2,0,True
0,bookkeeper-server/src/main/java/org/apache/bookkeeper/client/SyncCounter.java,85.0,86.0,85.0,43.0,87.0,85.0,85.0,42.5,2,2,0,False
0,bookkeeper-server/src/main/java/org/apache/bookkeeper/conf/AbstractConfiguration.java,105.0,150.0,105.0,75.0,151.0,149.0,105.0,74.5,1,2,0,True
0,bookkeeper-server/src/main/java/org/apache/bookkeeper/conf/ClientConfiguration.java,216.0,224.0,216.0,56.0,232.0,216.0,216.0,54.0,2,4,0,True
0,bookkeeper-server/src/main/java/org/apache/bookkeeper/conf/ServerConfiguration.java,377.0,397.0,377.0,99.25,417.0,377.0,377.0,94.25,2,4,0,True
0,bookkeeper-server/src/main/java/org/apache/bookkeeper/meta/AbstractZkLedgerManager.java,253.0,257.0,253.0,128.5,259.0,255.0,253.0,127.5,1,2,0,True
0,bookkeeper-server/src/main/java/org/apache/bookkeeper/meta/FlatLedgerManager.java,193.0,193.0,193.0,193.0,193.0,193.0,193.0,193.0,1,1,0,True
0,bookkeeper-server/src/main/java/org/apache/bookkeeper/meta/HierarchicalLedgerManager.java,514.0,514.0,514.0,514.0,514.0,514.0,514.0,514.0,1,1,0,True
0,bookkeeper-server/src/main/java/org/apache/bookkeeper/meta/LedgerLayout.java,204.0,204.0,204.0,204.0,204.0,204.0,204.0,204.0,1,1,0,False
0,bookkeeper-server/src/main/java/org/apache/bookkeeper/meta/LedgerManager.java,144.0,144.0,144.0,144.0,144.0,144.0,144.0,144.0,1,1,0,True
0,bookkeeper-server/src/main/java/org/apache/bookkeeper/meta/LedgerManagerFactory.java,98.0,98.0,98.0,98.0,98.0,98.0,98.0,98.0,1,1,0,False
0,bookkeeper-server/src/main/java/org/apache/bookkeeper/proto/BookieClient.java,181.0,206.0,181.0,29.428572,228.0,192.0,181.0,27.428572,3,7,0,True
0,bookkeeper-server/src/main/java/org/apache/bookkeeper/proto/BookieProtocol.java,154.0,241.0,154.0,60.25,249.0,233.0,154.0,58.25,3,4,0,True
0,bookkeeper-server/src/main/java/org/apache/bookkeeper/proto/BookieServer.java,393.0,673.0,393.0,61.18182,769.0,583.0,393.0,53.0,3,11,0,True
0,bookkeeper-server/src/main/java/org/apache/bookkeeper/proto/BookkeeperInternalCallbacks.java,132.0,214.0,132.0,71.333336,221.0,207.0,132.0,69.0,3,3,0,False
0,bookkeeper-server/src/main/java/org/apache/bookkeeper/proto/NIOServerFactory.java,533.0,568.0,533.0,71.0,591.0,547.0,533.0,68.375,3,8,0,False
0,bookkeeper-server/src/main/java/org/apache/bookkeeper/proto/PerChannelBookieClient.java,603.0,713.0,603.0,79.22222,793.0,637.0,603.0,70.77778,3,9,0,True
0,bookkeeper-server/src/main/java/org/apache/bookkeeper/proto/ServerStats.java,148.0,148.0,148.0,148.0,148.0,148.0,148.0,148.0,1,1,0,False
0,bookkeeper-server/src/main/java/org/apache/bookkeeper/streaming/LedgerInputStream.java,174.0,185.0,174.0,61.666668,195.0,175.0,174.0,58.333332,2,3,0,False
0,bookkeeper-server/src/main/java/org/apache/bookkeeper/streaming/LedgerOutputStream.java,148.0,159.0,148.0,53.0,169.0,149.0,148.0,49.666668,2,3,0,False
0,bookkeeper-server/src/main/java/org/apache/bookkeeper/tools/BookKeeperTools.java,92.0,163.0,92.0,27.166666,905.0,771.0,675.0,128.5,3,6,0,False
0,bookkeeper-server/src/main/java/org/apache/bookkeeper/util/LocalBookKeeper.java,234.0,463.0,234.0,77.166664,667.0,259.0,234.0,43.166668,3,6,0,True
0,bookkeeper-server/src/main/java/org/apache/bookkeeper/util/Main.java,54.0,59.0,54.0,19.666666,64.0,54.0,54.0,18.0,3,3,0,False
0,bookkeeper-server/src/main/java/org/apache/bookkeeper/util/MathUtils.java,38.0,43.0,38.0,21.5,48.0,38.0,38.0,19.0,2,2,0,False
0,bookkeeper-server/src/main/java/org/apache/bookkeeper/util/OrderedSafeExecutor.java,98.0,102.0,98.0,51.0,106.0,98.0,98.0,49.0,2,2,0,False
0,bookkeeper-server/src/main/java/org/apache/bookkeeper/util/SafeRunnable.java,39.0,50.0,39.0,16.666666,60.0,40.0,39.0,13.333333,2,3,0,False
0,bookkeeper-server/src/main/java/org/apache/bookkeeper/util/StringUtils.java,69.0,73.0,69.0,24.333334,102.0,94.0,69.0,31.333334,3,3,0,False
0,bookkeeper-server/src/main/java/org/apache/bookkeeper/util/ZkUtils.java,94.0,94.0,94.0,94.0,94.0,94.0,94.0,94.0,1,1,0,False
0,hedwig-client/src/main/java/org/apache/hedwig/client/HedwigClient.java,72.0,72.0,72.0,72.0,72.0,72.0,72.0,72.0,1,1,0,False
0,hedwig-client/src/main/java/org/apache/hedwig/client/api/Client.java,42.0,42.0,42.0,42.0,42.0,42.0,42.0,42.0,1,1,0,False
0,hedwig-client/src/main/java/org/apache/hedwig/client/api/MessageHandler.java,48.0,56.0,48.0,18.666666,64.0,48.0,48.0,16.0,2,3,0,False
0,hedwig-client/src/main/java/org/apache/hedwig/client/api/Publisher.java,63.0,67.0,63.0,33.5,71.0,63.0,63.0,31.5,2,2,0,False
0,hedwig-client/src/main/java/org/apache/hedwig/client/api/Subscriber.java,237.0,257.0,237.0,128.5,277.0,237.0,237.0,118.5,2,2,0,False
0,hedwig-client/src/main/java/org/apache/hedwig/client/benchmark/BenchmarkPublisher.java,133.0,139.0,133.0,46.333332,145.0,133.0,133.0,44.333332,2,3,0,False
0,hedwig-client/src/main/java/org/apache/hedwig/client/benchmark/BenchmarkSubscriber.java,137.0,151.0,137.0,37.75,164.0,138.0,137.0,34.5,2,4,0,False
0,hedwig-client/src/main/java/org/apache/hedwig/client/benchmark/BenchmarkUtils.java,177.0,182.0,177.0,60.666668,186.0,178.0,177.0,59.333332,2,3,0,False
0,hedwig-client/src/main/java/org/apache/hedwig/client/benchmark/BenchmarkWorker.java,46.0,47.0,46.0,23.5,48.0,46.0,46.0,23.0,2,2,0,False
0,hedwig-client/src/main/java/org/apache/hedwig/client/benchmark/HedwigBenchmark.java,128.0,138.0,128.0,27.6,147.0,129.0,128.0,25.8,3,5,0,False
0,hedwig-client/src/main/java/org/apache/hedwig/client/conf/ClientConfiguration.java,149.0,153.0,149.0,51.0,156.0,150.0,149.0,50.0,2,3,0,False
0,hedwig-client/src/main/java/org/apache/hedwig/client/data/MessageConsumeData.java,58.0,59.0,58.0,29.5,60.0,58.0,58.0,29.0,2,2,0,False
0,hedwig-client/src/main/java/org/apache/hedwig/client/data/PubSubData.java,149.0,152.0,149.0,76.0,155.0,149.0,149.0,74.5,2,2,0,False
0,hedwig-client/src/main/java/org/apache/hedwig/client/data/TopicSubscriber.java,74.0,78.0,74.0,39.0,82.0,74.0,74.0,37.0,2,2,0,False
0,hedwig-client/src/main/java/org/apache/hedwig/client/exceptions/InvalidSubscriberIdException.java,37.0,37.0,37.0,37.0,37.0,37.0,37.0,37.0,1,1,0,False
0,hedwig-client/src/main/java/org/apache/hedwig/client/exceptions/ServerRedirectLoopException.java,38.0,40.0,38.0,20.0,42.0,38.0,38.0,19.0,2,2,0,False
0,hedwig-client/src/main/java/org/apache/hedwig/client/exceptions/TooManyServerRedirectsException.java,39.0,40.0,39.0,20.0,41.0,39.0,39.0,19.5,2,2,0,False
0,hedwig-client/src/main/java/org/apache/hedwig/client/handlers/MessageConsumeCallback.java,96.0,108.0,96.0,27.0,119.0,97.0,96.0,24.25,2,4,0,False
0,hedwig-client/src/main/java/org/apache/hedwig/client/handlers/PubSubCallback.java,88.0,92.0,88.0,30.666666,95.0,89.0,88.0,29.666666,2,3,0,False
0,hedwig-client/src/main/java/org/apache/hedwig/client/handlers/PublishResponseHandler.java,71.0,79.0,71.0,19.75,86.0,72.0,71.0,18.0,2,4,0,False
0,hedwig-client/src/main/java/org/apache/hedwig/client/handlers/SubscribeReconnectCallback.java,114.0,124.0,114.0,31.0,133.0,115.0,114.0,28.75,2,4,0,False
0,hedwig-client/src/main/java/org/apache/hedwig/client/handlers/SubscribeResponseHandler.java,336.0,421.0,336.0,70.166664,499.0,343.0,336.0,57.166668,3,6,0,False
0,hedwig-client/src/main/java/org/apache/hedwig/client/handlers/UnsubscribeResponseHandler.java,84.0,94.0,84.0,23.5,103.0,85.0,84.0,21.25,2,4,0,False
0,hedwig-client/src/main/java/org/apache/hedwig/client/netty/ClientChannelPipelineFactory.java,58.0,63.0,58.0,21.0,68.0,58.0,58.0,19.333334,2,3,0,False
0,hedwig-client/src/main/java/org/apache/hedwig/client/netty/ConnectCallback.java,123.0,131.0,123.0,32.75,138.0,124.0,123.0,31.0,2,4,0,True
0,hedwig-client/src/main/java/org/apache/hedwig/client/netty/HedwigClientImpl.java,369.0,369.0,369.0,369.0,369.0,369.0,369.0,369.0,1,1,0,True
0,hedwig-client/src/main/java/org/apache/hedwig/client/netty/HedwigPublisher.java,231.0,250.0,231.0,50.0,262.0,238.0,231.0,47.6,2,5,0,True
0,hedwig-client/src/main/java/org/apache/hedwig/client/netty/HedwigSubscriber.java,586.0,646.0,586.0,161.5,705.0,587.0,586.0,146.75,2,4,0,True
0,hedwig-client/src/main/java/org/apache/hedwig/client/netty/ResponseHandler.java,366.0,391.0,366.0,78.2,415.0,367.0,366.0,73.4,2,5,0,False
0,hedwig-client/src/main/java/org/apache/hedwig/client/netty/WriteCallback.java,99.0,109.0,99.0,27.25,118.0,100.0,99.0,25.0,2,4,0,True
0,hedwig-client/src/main/java/org/apache/hedwig/client/ssl/SslClientContextFactory.java,41.0,41.0,41.0,41.0,41.0,41.0,41.0,41.0,1,1,0,False
0,hedwig-client/src/main/java/org/apache/hedwig/client/ssl/SslContextFactory.java,66.0,80.0,66.0,40.0,93.0,67.0,66.0,33.5,2,2,0,False
0,hedwig-client/src/main/java/org/apache/hedwig/conf/AbstractConfiguration.java,54.0,64.0,54.0,21.333334,65.0,63.0,54.0,21.0,3,3,0,False
0,hedwig-client/src/main/java/org/apache/hedwig/util/Callback.java,47.0,51.0,47.0,25.5,55.0,47.0,47.0,23.5,2,2,0,False
0,hedwig-client/src/main/java/org/apache/hedwig/util/CallbackUtils.java,183.0,201.0,183.0,50.25,221.0,185.0,183.0,46.25,3,4,0,False
0,hedwig-client/src/main/java/org/apache/hedwig/util/ConcurrencyUtils.java,49.0,49.0,49.0,49.0,49.0,49.0,49.0,49.0,1,1,0,False
0,hedwig-client/src/main/java/org/apache/hedwig/util/Either.java,50.0,50.0,50.0,50.0,50.0,50.0,50.0,50.0,1,1,0,False
0,hedwig-client/src/main/java/org/apache/hedwig/util/FileUtils.java,98.0,101.0,98.0,50.5,103.0,99.0,98.0,49.5,2,2,0,False
0,hedwig-client/src/main/java/org/apache/hedwig/util/HedwigSocketAddress.java,138.0,138.0,138.0,138.0,138.0,138.0,138.0,138.0,1,1,0,False
0,hedwig-client/src/main/java/org/apache/hedwig/util/Option.java,43.0,43.0,43.0,43.0,43.0,43.0,43.0,43.0,1,1,0,False
0,hedwig-client/src/main/java/org/apache/hedwig/util/Pair.java,42.0,42.0,42.0,42.0,42.0,42.0,42.0,42.0,1,1,0,False
0,hedwig-client/src/main/java/org/apache/hedwig/util/PathUtils.java,56.0,56.0,56.0,56.0,56.0,56.0,56.0,56.0,1,1,0,False
0,hedwig-protocol/src/main/java/org/apache/hedwig/exceptions/PubSubException.java,162.0,163.0,162.0,81.5,164.0,162.0,162.0,81.0,2,2,0,False
0,hedwig-protocol/src/main/java/org/apache/hedwig/protocol/PubSubProtocol.java,6367.0,12494.0,6367.0,6247.0,18349.0,6639.0,6367.0,3319.5,2,2,0,False
0,hedwig-protocol/src/main/java/org/apache/hedwig/protoextensions/MessageIdUtils.java,153.0,155.0,153.0,77.5,157.0,153.0,153.0,76.5,2,2,0,False
0,hedwig-protocol/src/main/java/org/apache/hedwig/protoextensions/PubSubResponseUtils.java,43.0,43.0,43.0,43.0,43.0,43.0,43.0,43.0,1,1,0,False
0,hedwig-protocol/src/main/java/org/apache/hedwig/protoextensions/SubscriptionStateUtils.java,41.0,42.0,41.0,21.0,43.0,41.0,41.0,20.5,2,2,0,False
0,hedwig-server/src/main/java/org/apache/hedwig/server/benchmark/AbstractBenchmark.java,105.0,156.0,105.0,52.0,206.0,106.0,105.0,35.333332,2,3,0,False
0,hedwig-server/src/main/java/org/apache/hedwig/server/benchmark/BookieBenchmark.java,105.0,150.0,105.0,30.0,193.0,107.0,105.0,21.4,3,5,0,False
0,hedwig-server/src/main/java/org/apache/hedwig/server/benchmark/BookkeeperBenchmark.java,92.0,127.0,92.0,31.75,161.0,93.0,92.0,23.25,3,4,0,False
0,hedwig-server/src/main/java/org/apache/hedwig/server/benchmark/FakeBookie.java,101.0,152.0,101.0,50.666668,202.0,102.0,101.0,34.0,2,3,0,False
0,hedwig-server/src/main/java/org/apache/hedwig/server/common/ByteStringInterner.java,45.0,45.0,45.0,45.0,45.0,45.0,45.0,45.0,1,1,0,False
0,hedwig-server/src/main/java/org/apache/hedwig/server/common/ServerConfiguration.java,289.0,290.0,289.0,145.0,291.0,289.0,289.0,144.5,2,2,0,False
0,hedwig-server/src/main/java/org/apache/hedwig/server/common/TerminateJVMExceptionHandler.java,32.0,36.0,32.0,18.0,39.0,33.0,32.0,16.5,2,2,0,False
0,hedwig-server/src/main/java/org/apache/hedwig/server/common/TopicOpQueuer.java,111.0,111.0,111.0,111.0,111.0,111.0,111.0,111.0,1,1,0,False
0,hedwig-server/src/main/java/org/apache/hedwig/server/common/UnexpectedError.java,35.0,36.0,35.0,18.0,37.0,35.0,35.0,17.5,2,2,0,False
0,hedwig-server/src/main/java/org/apache/hedwig/server/delivery/ChannelEndPoint.java,81.0,81.0,81.0,81.0,81.0,81.0,81.0,81.0,1,1,0,False
0,hedwig-server/src/main/java/org/apache/hedwig/server/delivery/DeliveryCallback.java,27.0,27.0,27.0,27.0,27.0,27.0,27.0,27.0,1,1,0,False
0,hedwig-server/src/main/java/org/apache/hedwig/server/delivery/DeliveryEndPoint.java,28.0,28.0,28.0,28.0,28.0,28.0,28.0,28.0,1,1,0,False
0,hedwig-server/src/main/java/org/apache/hedwig/server/delivery/DeliveryManager.java,29.0,30.0,29.0,15.0,31.0,29.0,29.0,14.5,2,2,0,False
0,hedwig-server/src/main/java/org/apache/hedwig/server/delivery/FIFODeliveryManager.java,566.0,605.0,566.0,151.25,639.0,571.0,566.0,142.75,3,4,0,False
0,hedwig-server/src/main/java/org/apache/hedwig/server/handlers/BaseHandler.java,64.0,80.0,64.0,40.0,96.0,64.0,64.0,32.0,2,2,0,False
0,hedwig-server/src/main/java/org/apache/hedwig/server/handlers/ChannelDisconnectListener.java,29.0,30.0,29.0,15.0,31.0,29.0,29.0,14.5,2,2,0,False
0,hedwig-server/src/main/java/org/apache/hedwig/server/handlers/ConsumeHandler.java,64.0,65.0,64.0,32.5,66.0,64.0,64.0,32.0,2,2,0,False
0,hedwig-server/src/main/java/org/apache/hedwig/server/handlers/Handler.java,37.0,40.0,37.0,20.0,43.0,37.0,37.0,18.5,2,2,0,False
0,hedwig-server/src/main/java/org/apache/hedwig/server/handlers/PublishHandler.java,68.0,79.0,68.0,39.5,90.0,68.0,68.0,34.0,2,2,0,False
0,hedwig-server/src/main/java/org/apache/hedwig/server/handlers/SubscribeHandler.java,154.0,166.0,154.0,55.333332,177.0,155.0,154.0,51.666668,2,3,0,False
0,hedwig-server/src/main/java/org/apache/hedwig/server/handlers/UnsubscribeHandler.java,72.0,73.0,72.0,36.5,74.0,72.0,72.0,36.0,2,2,0,False
0,hedwig-server/src/main/java/org/apache/hedwig/server/netty/PubSubServer.java,385.0,421.0,385.0,70.166664,436.0,406.0,385.0,67.666664,3,6,0,False
0,hedwig-server/src/main/java/org/apache/hedwig/server/netty/PubSubServerPipelineFactory.java,76.0,78.0,76.0,39.0,80.0,76.0,76.0,38.0,2,2,0,False
0,hedwig-server/src/main/java/org/apache/hedwig/server/netty/UmbrellaHandler.java,159.0,164.0,159.0,54.666668,168.0,160.0,159.0,53.333332,2,3,0,False
0,hedwig-server/src/main/java/org/apache/hedwig/server/persistence/BookkeeperPersistenceManager.java,737.0,887.0,737.0,295.66666,1036.0,738.0,737.0,246.0,2,3,0,False
0,hedwig-server/src/main/java/org/apache/hedwig/server/persistence/CacheKey.java,74.0,76.0,74.0,38.0,78.0,74.0,74.0,37.0,2,2,0,False
0,hedwig-server/src/main/java/org/apache/hedwig/server/persistence/CacheValue.java,94.0,98.0,94.0,32.666668,101.0,95.0,94.0,31.666666,2,3,0,False
0,hedwig-server/src/main/java/org/apache/hedwig/server/persistence/Factory.java,22.0,22.0,22.0,22.0,22.0,22.0,22.0,22.0,1,1,0,False
0,hedwig-server/src/main/java/org/apache/hedwig/server/persistence/LocalDBPersistenceManager.java,427.0,440.0,427.0,146.66667,452.0,428.0,427.0,142.66667,2,3,0,False
0,hedwig-server/src/main/java/org/apache/hedwig/server/persistence/MapMethods.java,62.0,62.0,62.0,62.0,62.0,62.0,62.0,62.0,1,1,0,False
0,hedwig-server/src/main/java/org/apache/hedwig/server/persistence/PersistRequest.java,58.0,59.0,58.0,29.5,60.0,58.0,58.0,29.0,2,2,0,False
0,hedwig-server/src/main/java/org/apache/hedwig/server/persistence/PersistenceManager.java,91.0,96.0,91.0,48.0,101.0,91.0,91.0,45.5,2,2,0,False
0,hedwig-server/src/main/java/org/apache/hedwig/server/persistence/PersistenceManagerWithRangeScan.java,27.0,28.0,27.0,14.0,29.0,27.0,27.0,13.5,2,2,0,False
0,hedwig-server/src/main/java/org/apache/hedwig/server/persistence/RangeScanRequest.java,77.0,79.0,77.0,39.5,81.0,77.0,77.0,38.5,2,2,0,False
0,hedwig-server/src/main/java/org/apache/hedwig/server/persistence/ReadAheadCache.java,704.0,743.0,704.0,247.66667,781.0,705.0,704.0,235.0,2,3,0,False
0,hedwig-server/src/main/java/org/apache/hedwig/server/persistence/ScanCallback.java,63.0,67.0,63.0,33.5,71.0,63.0,63.0,31.5,2,2,0,False
0,hedwig-server/src/main/java/org/apache/hedwig/server/persistence/ScanCallbackWithContext.java,37.0,37.0,37.0,37.0,37.0,37.0,37.0,37.0,1,1,0,False
0,hedwig-server/src/main/java/org/apache/hedwig/server/persistence/ScanRequest.java,64.0,65.0,64.0,32.5,66.0,64.0,64.0,32.0,2,2,0,False
0,hedwig-server/src/main/java/org/apache/hedwig/server/proxy/ChannelTracker.java,124.0,127.0,124.0,63.5,130.0,124.0,124.0,62.0,2,2,0,False
0,hedwig-server/src/main/java/org/apache/hedwig/server/proxy/HedwigProxy.java,160.0,168.0,160.0,42.0,175.0,161.0,160.0,40.25,2,4,0,False
0,hedwig-server/src/main/java/org/apache/hedwig/server/proxy/ProxyConfiguration.java,36.0,41.0,36.0,20.5,46.0,36.0,36.0,18.0,2,2,0,False
0,hedwig-server/src/main/java/org/apache/hedwig/server/proxy/ProxyConsumeHandler.java,58.0,61.0,58.0,30.5,63.0,59.0,58.0,29.5,2,2,0,False
0,hedwig-server/src/main/java/org/apache/hedwig/server/proxy/ProxyPublishHander.java,62.0,62.0,62.0,62.0,62.0,62.0,62.0,62.0,1,1,0,False
0,hedwig-server/src/main/java/org/apache/hedwig/server/proxy/ProxyStartDeliveryHandler.java,130.0,143.0,130.0,35.75,155.0,131.0,130.0,32.75,2,4,0,False
0,hedwig-server/src/main/java/org/apache/hedwig/server/proxy/ProxyStopDeliveryHandler.java,74.0,77.0,74.0,38.5,79.0,75.0,74.0,37.5,2,2,0,False
0,hedwig-server/src/main/java/org/apache/hedwig/server/proxy/ProxySubscribeHandler.java,83.0,87.0,83.0,29.0,90.0,84.0,83.0,28.0,2,3,0,False
0,hedwig-server/src/main/java/org/apache/hedwig/server/proxy/ProxyUnsubscribeHandler.java,74.0,74.0,74.0,74.0,74.0,74.0,74.0,74.0,1,1,0,False
0,hedwig-server/src/main/java/org/apache/hedwig/server/regions/HedwigHubClient.java,48.0,50.0,48.0,25.0,52.0,48.0,48.0,24.0,2,2,0,False
0,hedwig-server/src/main/java/org/apache/hedwig/server/regions/HedwigHubClientFactory.java,60.0,61.0,60.0,30.5,62.0,60.0,60.0,30.0,2,2,0,False
0,hedwig-server/src/main/java/org/apache/hedwig/server/regions/HedwigHubSubscriber.java,70.0,76.0,70.0,25.333334,82.0,70.0,70.0,23.333334,2,3,0,False
0,hedwig-server/src/main/java/org/apache/hedwig/server/regions/RegionManager.java,183.0,205.0,183.0,51.25,224.0,186.0,183.0,46.5,2,4,0,False
0,hedwig-server/src/main/java/org/apache/hedwig/server/ssl/SslServerContextFactory.java,53.0,53.0,53.0,53.0,53.0,53.0,53.0,53.0,1,1,0,False
0,hedwig-server/src/main/java/org/apache/hedwig/server/subscriptions/AbstractSubscriptionManager.java,452.0,474.0,452.0,118.5,494.0,454.0,452.0,113.5,2,4,0,False
0,hedwig-server/src/main/java/org/apache/hedwig/server/subscriptions/AllToAllTopologyFilter.java,39.0,39.0,39.0,39.0,39.0,39.0,39.0,39.0,1,1,0,False
0,hedwig-server/src/main/java/org/apache/hedwig/server/subscriptions/InMemorySubscriptionManager.java,78.0,82.0,78.0,41.0,86.0,78.0,78.0,39.0,2,2,0,False
0,hedwig-server/src/main/java/org/apache/hedwig/server/subscriptions/InMemorySubscriptionState.java,64.0,65.0,64.0,32.5,66.0,64.0,64.0,32.0,2,2,0,False
0,hedwig-server/src/main/java/org/apache/hedwig/server/subscriptions/MessageFilter.java,31.0,32.0,31.0,16.0,33.0,31.0,31.0,15.5,2,2,0,False
0,hedwig-server/src/main/java/org/apache/hedwig/server/subscriptions/SubscriptionEventListener.java,57.0,61.0,57.0,30.5,65.0,57.0,57.0,28.5,2,2,0,False
0,hedwig-server/src/main/java/org/apache/hedwig/server/subscriptions/SubscriptionManager.java,104.0,111.0,104.0,55.5,118.0,104.0,104.0,52.0,2,2,0,False
0,hedwig-server/src/main/java/org/apache/hedwig/server/subscriptions/TrueFilter.java,32.0,32.0,32.0,32.0,32.0,32.0,32.0,32.0,1,1,0,False
0,hedwig-server/src/main/java/org/apache/hedwig/server/subscriptions/ZkSubscriptionManager.java,227.0,280.0,227.0,93.333336,332.0,228.0,227.0,76.0,2,3,0,False
0,hedwig-server/src/main/java/org/apache/hedwig/server/topics/AbstractTopicManager.java,197.0,218.0,197.0,54.5,229.0,207.0,197.0,51.75,3,4,0,False
0,hedwig-server/src/main/java/org/apache/hedwig/server/topics/TopicManager.java,75.0,81.0,75.0,40.5,87.0,75.0,75.0,37.5,2,2,0,False
0,hedwig-server/src/main/java/org/apache/hedwig/server/topics/TopicOwnershipChangeListener.java,28.0,28.0,28.0,28.0,28.0,28.0,28.0,28.0,1,1,0,False
0,hedwig-server/src/main/java/org/apache/hedwig/server/topics/TrivialOwnAllTopicManager.java,52.0,54.0,52.0,27.0,56.0,52.0,52.0,26.0,2,2,0,False
0,hedwig-server/src/main/java/org/apache/hedwig/server/topics/ZkTopicManager.java,429.0,507.0,429.0,169.0,584.0,430.0,429.0,143.33333,2,3,0,False
0,hedwig-server/src/main/java/org/apache/hedwig/zookeeper/SafeAsynBKCallback.java,103.0,133.0,103.0,66.5,163.0,103.0,103.0,51.5,2,2,0,False
0,hedwig-server/src/main/java/org/apache/hedwig/zookeeper/SafeAsyncCallback.java,35.0,35.0,35.0,35.0,35.0,35.0,35.0,35.0,1,1,0,False
0,hedwig-server/src/main/java/org/apache/hedwig/zookeeper/SafeAsyncZKCallback.java,98.0,99.0,98.0,49.5,100.0,98.0,98.0,49.0,2,2,0,False
0,hedwig-server/src/main/java/org/apache/hedwig/zookeeper/ZkUtils.java,79.0,95.0,79.0,31.666666,110.0,80.0,79.0,26.666666,2,3,0,False
1,bookkeeper-benchmark/src/main/java/org/apache/bookkeeper/benchmark/BenchBookie.java,215.0,265.0,215.0,88.333336,277.0,253.0,215.0,84.333336,1,3,1,False
1,bookkeeper-benchmark/src/main/java/org/apache/bookkeeper/benchmark/BenchReadThroughputLatency.java,271.0,295.0,271.0,147.5,308.0,282.0,271.0,141.0,1,2,0,False
1,bookkeeper-benchmark/src/main/java/org/apache/bookkeeper/benchmark/BenchThroughputLatency.java,451.0,560.0,451.0,112.0,643.0,485.0,451.0,97.0,3,5,0,False
1,bookkeeper-benchmark/src/main/java/org/apache/bookkeeper/benchmark/MySqlClient.java,137.0,0.0,0.0,0.0,0.0,0.0,0.0,0.0,0,0,0,False
1,bookkeeper-benchmark/src/main/java/org/apache/bookkeeper/benchmark/TestClient.java,368.0,305.0,294.0,152.5,486.0,124.0,123.0,62.0,2,2,0,False
1,bookkeeper-server/src/main/java/org/apache/bookkeeper/bookie/Bookie.java,764.0,580.0,106.0,29.0,1422.0,612.0,327.0,30.6,3,20,7,False
1,bookkeeper-server/src/main/java/org/apache/bookkeeper/bookie/BookieBean.java,51.0,52.0,51.0,26.0,54.0,52.0,51.0,26.0,2,2,0,False
1,bookkeeper-server/src/main/java/org/apache/bookkeeper/bookie/BookieException.java,150.0,63.0,58.0,31.5,68.0,58.0,53.0,29.0,2,2,1,False
1,bookkeeper-server/src/main/java/org/apache/bookkeeper/bookie/BookieMXBean.java,31.0,31.0,31.0,15.5,33.0,33.0,31.0,16.5,2,2,0,False
1,bookkeeper-server/src/main/java/org/apache/bookkeeper/bookie/BookieShell.java,684.0,684.0,684.0,684.0,684.0,684.0,684.0,684.0,1,1,0,False
1,bookkeeper-server/src/main/java/org/apache/bookkeeper/bookie/BufferedChannel.java,180.0,0.0,0.0,0.0,0.0,0.0,0.0,0.0,0,0,0,False
1,bookkeeper-server/src/main/java/org/apache/bookkeeper/bookie/Cookie.java,196.0,203.0,196.0,101.5,209.0,197.0,196.0,98.5,1,2,1,False
1,bookkeeper-server/src/main/java/org/apache/bookkeeper/bookie/EntryLogger.java,482.0,388.0,253.0,29.846153,765.0,291.0,129.0,22.384615,3,13,5,False
1,bookkeeper-server/src/main/java/org/apache/bookkeeper/bookie/ExitCode.java,40.0,40.0,40.0,40.0,40.0,40.0,40.0,40.0,1,1,1,False
1,bookkeeper-server/src/main/java/org/apache/bookkeeper/bookie/FileInfo.java,259.0,136.0,79.0,27.2,217.0,55.0,20.0,11.0,1,5,2,False
1,bookkeeper-server/src/main/java/org/apache/bookkeeper/bookie/FileSystemUpgrade.java,379.0,620.0,379.0,155.0,642.0,598.0,379.0,149.5,3,4,1,False
1,bookkeeper-server/src/main/java/org/apache/bookkeeper/bookie/GarbageCollectorThread.java,510.0,681.0,510.0,85.125,720.0,674.0,510.0,84.25,3,8,1,False
1,bookkeeper-server/src/main/java/org/apache/bookkeeper/bookie/HandleFactory.java,32.0,32.0,32.0,32.0,32.0,32.0,32.0,32.0,1,1,0,False
1,bookkeeper-server/src/main/java/org/apache/bookkeeper/bookie/HandleFactoryImpl.java,66.0,71.0,66.0,35.5,79.0,69.0,66.0,34.5,1,2,0,False
1,bookkeeper-server/src/main/java/org/apache/bookkeeper/bookie/InterleavedLedgerStorage.java,187.0,217.0,187.0,43.4,243.0,195.0,187.0,39.0,2,5,2,False
1,bookkeeper-server/src/main/java/org/apache/bookkeeper/bookie/Journal.java,576.0,615.0,576.0,205.0,628.0,602.0,576.0,200.66667,2,3,0,False
1,bookkeeper-server/src/main/java/org/apache/bookkeeper/bookie/JournalChannel.java,158.0,162.0,158.0,54.0,165.0,159.0,158.0,53.0,1,3,0,False
1,bookkeeper-server/src/main/java/org/apache/bookkeeper/bookie/LedgerCache.java,46.0,128.0,92.0,16.0,761.0,579.0,531.0,72.375,2,8,2,False
1,bookkeeper-server/src/main/java/org/apache/bookkeeper/bookie/LedgerCacheBean.java,27.0,28.0,27.0,14.0,81.0,79.0,52.0,39.5,1,2,0,False
1,bookkeeper-server/src/main/java/org/apache/bookkeeper/bookie/LedgerCacheImpl.java,788.0,918.0,788.0,131.14285,972.0,864.0,788.0,123.42857,3,7,4,False
1,bookkeeper-server/src/main/java/org/apache/bookkeeper/bookie/LedgerCacheMXBean.java,60.0,60.0,60.0,60.0,60.0,60.0,60.0,60.0,1,1,0,False
1,bookkeeper-server/src/main/java/org/apache/bookkeeper/bookie/LedgerDescriptor.java,62.0,74.0,36.0,14.8,235.0,159.0,88.0,31.8,1,5,1,False
1,bookkeeper-server/src/main/java/org/apache/bookkeeper/bookie/LedgerDescriptorImpl.java,88.0,93.0,88.0,46.5,123.0,113.0,88.0,56.5,1,2,0,False
1,bookkeeper-server/src/main/java/org/apache/bookkeeper/bookie/LedgerDescriptorReadOnlyImpl.java,52.0,54.0,52.0,27.0,57.0,53.0,52.0,26.5,1,2,0,False
1,bookkeeper-server/src/main/java/org/apache/bookkeeper/bookie/LedgerEntryPage.java,163.0,9.0,6.0,4.5,12.0,6.0,4.0,3.0,2,2,1,False
1,bookkeeper-server/src/main/java/org/apache/bookkeeper/bookie/LedgerStorage.java,91.0,91.0,91.0,91.0,91.0,91.0,91.0,91.0,1,1,0,False
1,bookkeeper-server/src/main/java/org/apache/bookkeeper/bookie/MarkerFileChannel.java,147.0,0.0,0.0,0.0,0.0,0.0,0.0,0.0,0,0,0,False
1,bookkeeper-server/src/main/java/org/apache/bookkeeper/bookie/ReadOnlyEntryLogger.java,58.0,58.0,58.0,58.0,58.0,58.0,58.0,58.0,1,1,0,False
1,bookkeeper-server/src/main/java/org/apache/bookkeeper/bookie/ReadOnlyFileInfo.java,44.0,44.0,44.0,44.0,44.0,44.0,44.0,44.0,1,1,0,False
1,bookkeeper-server/src/main/java/org/apache/bookkeeper/client/AsyncCallback.java,139.0,12.0,12.0,12.0,22.0,2.0,2.0,2.0,1,1,1,False
1,bookkeeper-server/src/main/java/org/apache/bookkeeper/client/BKException.java,282.0,11.0,11.0,11.0,11.0,11.0,11.0,11.0,1,1,0,False
1,bookkeeper-server/src/main/java/org/apache/bookkeeper/client/BookKeeper.java,582.0,152.0,106.0,25.333334,270.0,116.0,68.0,19.333334,3,6,3,False
1,bookkeeper-server/src/main/java/org/apache/bookkeeper/client/BookKeeperAdmin.java,800.0,91.0,73.0,22.75,110.0,72.0,62.0,18.0,2,4,1,False
1,bookkeeper-server/src/main/java/org/apache/bookkeeper/client/BookieWatcher.java,216.0,19.0,9.0,6.3333335,27.0,11.0,7.0,3.6666667,1,3,2,False
1,bookkeeper-server/src/main/java/org/apache/bookkeeper/client/CRC32DigestManager.java,55.0,9.0,9.0,9.0,13.0,5.0,5.0,5.0,1,1,0,False
1,bookkeeper-server/src/main/java/org/apache/bookkeeper/client/DigestManager.java,184.0,8.0,4.0,2.6666667,17.0,3.0,2.0,1.0,2,3,2,False
1,bookkeeper-server/src/main/java/org/apache/bookkeeper/client/DistributionSchedule.java,65.0,13.0,13.0,13.0,22.0,4.0,4.0,4.0,1,1,1,False
1,bookkeeper-server/src/main/java/org/apache/bookkeeper/client/LedgerCreateOp.java,150.0,26.0,25.0,13.0,59.0,7.0,7.0,3.5,1,2,1,False
1,bookkeeper-server/src/main/java/org/apache/bookkeeper/client/LedgerDeleteOp.java,81.0,0.0,0.0,0.0,0.0,0.0,0.0,0.0,0,0,0,False
1,bookkeeper-server/src/main/java/org/apache/bookkeeper/client/LedgerEntry.java,84.0,0.0,0.0,0.0,0.0,0.0,0.0,0.0,0,0,0,False
1,bookkeeper-server/src/main/java/org/apache/bookkeeper/client/LedgerHandle.java,905.0,221.0,95.0,24.555555,299.0,143.0,65.0,15.888889,3,9,5,False
1,bookkeeper-server/src/main/java/org/apache/bookkeeper/client/LedgerMetadata.java,312.0,70.0,44.0,14.0,76.0,64.0,44.0,12.8,3,5,2,False
1,bookkeeper-server/src/main/java/org/apache/bookkeeper/client/LedgerOpenOp.java,171.0,5.0,5.0,5.0,8.0,2.0,2.0,2.0,1,1,0,False
1,bookkeeper-server/src/main/java/org/apache/bookkeeper/client/LedgerRecoveryOp.java,153.0,30.0,19.0,5.0,103.0,49.0,46.0,8.166667,3,6,3,False
1,bookkeeper-server/src/main/java/org/apache/bookkeeper/client/MacDigestManager.java,84.0,26.0,26.0,26.0,35.0,17.0,17.0,17.0,1,1,0,False
1,bookkeeper-server/src/main/java/org/apache/bookkeeper/client/PendingAddOp.java,169.0,5.0,4.0,2.5,6.0,4.0,4.0,2.0,2,2,1,False
1,bookkeeper-server/src/main/java/org/apache/bookkeeper/client/PendingReadOp.java,189.0,17.0,15.0,5.6666665,18.0,16.0,15.0,5.3333335,2,3,1,False
1,bookkeeper-server/src/main/java/org/apache/bookkeeper/client/ReadLastConfirmedOp.java,127.0,59.0,37.0,11.8,94.0,24.0,14.0,4.8,2,5,3,False
1,bookkeeper-server/src/main/java/org/apache/bookkeeper/client/ReadOnlyLedgerHandle.java,79.0,2.0,2.0,2.0,3.0,1.0,1.0,1.0,1,1,1,False
1,bookkeeper-server/src/main/java/org/apache/bookkeeper/client/RoundRobinDistributionSchedule.java,90.0,25.0,25.0,25.0,47.0,3.0,3.0,3.0,1,1,1,False
1,bookkeeper-server/src/main/java/org/apache/bookkeeper/client/SyncCounter.java,85.0,0.0,0.0,0.0,0.0,0.0,0.0,0.0,0,0,0,False
1,bookkeeper-server/src/main/java/org/apache/bookkeeper/conf/AbstractConfiguration.java,123.0,20.0,10.0,6.6666665,22.0,20.0,10.0,6.6666665,3,3,1,False
1,bookkeeper-server/src/main/java/org/apache/bookkeeper/conf/ClientConfiguration.java,276.0,61.0,30.0,20.333334,62.0,60.0,30.0,20.0,2,3,2,False
1,bookkeeper-server/src/main/java/org/apache/bookkeeper/conf/ServerConfiguration.java,549.0,182.0,110.0,30.333334,192.0,182.0,110.0,30.333334,2,6,4,False
1,bookkeeper-server/src/main/java/org/apache/bookkeeper/jmx/BKMBeanInfo.java,27.0,27.0,27.0,27.0,27.0,27.0,27.0,27.0,1,1,0,False
1,bookkeeper-server/src/main/java/org/apache/bookkeeper/jmx/BKMBeanRegistry.java,88.0,93.0,88.0,46.5,94.0,92.0,88.0,46.0,1,2,0,False
1,bookkeeper-server/src/main/java/org/apache/bookkeeper/meta/AbstractZkLedgerManager.java,283.0,36.0,23.0,9.0,42.0,30.0,23.0,7.5,3,4,3,False
1,bookkeeper-server/src/main/java/org/apache/bookkeeper/meta/FlatLedgerManager.java,175.0,12.0,7.0,6.0,42.0,24.0,21.0,12.0,2,2,2,False
1,bookkeeper-server/src/main/java/org/apache/bookkeeper/meta/HierarchicalLedgerManager.java,507.0,29.0,15.0,7.25,65.0,25.0,16.0,6.25,2,4,4,False
1,bookkeeper-server/src/main/java/org/apache/bookkeeper/meta/LedgerLayout.java,209.0,5.0,5.0,5.0,5.0,5.0,5.0,5.0,1,1,0,False
1,bookkeeper-server/src/main/java/org/apache/bookkeeper/meta/LedgerManager.java,147.0,5.0,5.0,5.0,7.0,3.0,3.0,3.0,1,1,1,False
1,bookkeeper-server/src/main/java/org/apache/bookkeeper/meta/LedgerManagerFactory.java,98.0,1.0,1.0,1.0,2.0,0.0,0.0,0.0,1,1,0,False
1,bookkeeper-server/src/main/java/org/apache/bookkeeper/meta/SnapshotMap.java,132.0,132.0,132.0,132.0,132.0,132.0,132.0,132.0,1,1,1,False
1,bookkeeper-server/src/main/java/org/apache/bookkeeper/proto/BKStats.java,236.0,236.0,236.0,236.0,236.0,236.0,236.0,236.0,1,1,0,False
1,bookkeeper-server/src/main/java/org/apache/bookkeeper/proto/BookieClient.java,227.0,49.0,26.0,16.333334,52.0,46.0,26.0,15.333333,2,3,2,False
1,bookkeeper-server/src/main/java/org/apache/bookkeeper/proto/BookieProtocol.java,172.0,20.0,10.0,6.6666665,22.0,18.0,8.0,6.0,2,3,2,False
1,bookkeeper-server/src/main/java/org/apache/bookkeeper/proto/BookieServer.java,507.0,153.0,61.0,17.0,192.0,114.0,59.0,12.666667,2,9,4,False
1,bookkeeper-server/src/main/java/org/apache/bookkeeper/proto/BookieServerBean.java,90.0,90.0,90.0,90.0,90.0,90.0,90.0,90.0,1,1,0,False
1,bookkeeper-server/src/main/java/org/apache/bookkeeper/proto/BookieServerMXBean.java,58.0,58.0,58.0,58.0,58.0,58.0,58.0,58.0,1,1,0,False
1,bookkeeper-server/src/main/java/org/apache/bookkeeper/proto/BookkeeperInternalCallbacks.java,132.0,0.0,0.0,0.0,0.0,0.0,0.0,0.0,0,0,0,False
1,bookkeeper-server/src/main/java/org/apache/bookkeeper/proto/NIOServerFactory.java,529.0,9.0,5.0,2.25,22.0,4.0,3.0,1.0,1,4,0,False
1,bookkeeper-server/src/main/java/org/apache/bookkeeper/proto/PerChannelBookieClient.java,694.0,193.0,48.0,19.3,295.0,107.0,43.0,10.7,3,10,5,False
1,bookkeeper-server/src/main/java/org/apache/bookkeeper/proto/ServerStats.java,148.0,0.0,0.0,0.0,0.0,0.0,0.0,0.0,0,0,0,False
1,bookkeeper-server/src/main/java/org/apache/bookkeeper/streaming/LedgerInputStream.java,174.0,0.0,0.0,0.0,0.0,0.0,0.0,0.0,0,0,0,False
1,bookkeeper-server/src/main/java/org/apache/bookkeeper/streaming/LedgerOutputStream.java,148.0,0.0,0.0,0.0,0.0,0.0,0.0,0.0,0,0,0,False
1,bookkeeper-server/src/main/java/org/apache/bookkeeper/tools/BookKeeperTools.java,92.0,2.0,2.0,2.0,4.0,0.0,0.0,0.0,1,1,0,False
1,bookkeeper-server/src/main/java/org/apache/bookkeeper/util/EntryFormatter.java,77.0,77.0,77.0,77.0,77.0,77.0,77.0,77.0,1,1,0,False
1,bookkeeper-server/src/main/java/org/apache/bookkeeper/util/HardLink.java,664.0,665.0,664.0,332.5,666.0,664.0,664.0,332.0,1,2,0,False
1,bookkeeper-server/src/main/java/org/apache/bookkeeper/util/IOUtils.java,55.0,55.0,55.0,55.0,55.0,55.0,55.0,55.0,1,1,0,False
1,bookkeeper-server/src/main/java/org/apache/bookkeeper/util/LocalBookKeeper.java,256.0,43.0,33.0,14.333333,64.0,22.0,19.0,7.3333335,2,3,1,False
1,bookkeeper-server/src/main/java/org/apache/bookkeeper/util/Main.java,54.0,0.0,0.0,0.0,0.0,0.0,0.0,0.0,0,0,0,False
1,bookkeeper-server/src/main/java/org/apache/bookkeeper/util/MathUtils.java,38.0,0.0,0.0,0.0,0.0,0.0,0.0,0.0,0,0,0,False
1,bookkeeper-server/src/main/java/org/apache/bookkeeper/util/OrderedSafeExecutor.java,98.0,0.0,0.0,0.0,0.0,0.0,0.0,0.0,0,0,0,False
1,bookkeeper-server/src/main/java/org/apache/bookkeeper/util/SafeRunnable.java,39.0,0.0,0.0,0.0,0.0,0.0,0.0,0.0,0,0,0,False
1,bookkeeper-server/src/main/java/org/apache/bookkeeper/util/StringEntryFormatter.java,47.0,47.0,47.0,47.0,47.0,47.0,47.0,47.0,1,1,0,False
1,bookkeeper-server/src/main/java/org/apache/bookkeeper/util/StringUtils.java,69.0,0.0,0.0,0.0,0.0,0.0,0.0,0.0,0,0,0,False
1,bookkeeper-server/src/main/java/org/apache/bookkeeper/util/Tool.java,43.0,43.0,43.0,43.0,43.0,43.0,43.0,43.0,1,1,0,False
1,bookkeeper-server/src/main/java/org/apache/bookkeeper/util/ZkUtils.java,94.0,0.0,0.0,0.0,0.0,0.0,0.0,0.0,0,0,0,False
1,hedwig-client/src/main/java/org/apache/hedwig/client/HedwigClient.java,72.0,0.0,0.0,0.0,0.0,0.0,0.0,0.0,0,0,0,False
1,hedwig-client/src/main/java/org/apache/hedwig/client/api/Client.java,42.0,0.0,0.0,0.0,0.0,0.0,0.0,0.0,0,0,0,False
1,hedwig-client/src/main/java/org/apache/hedwig/client/api/MessageHandler.java,48.0,0.0,0.0,0.0,0.0,0.0,0.0,0.0,0,0,0,False
1,hedwig-client/src/main/java/org/apache/hedwig/client/api/Publisher.java,63.0,0.0,0.0,0.0,0.0,0.0,0.0,0.0,0,0,0,False
1,hedwig-client/src/main/java/org/apache/hedwig/client/api/Subscriber.java,318.0,86.0,47.0,28.666666,91.0,81.0,47.0,27.0,2,3,0,False
1,hedwig-client/src/main/java/org/apache/hedwig/client/benchmark/BenchmarkPublisher.java,136.0,3.0,3.0,3.0,3.0,3.0,3.0,3.0,1,1,0,False
1,hedwig-client/src/main/java/org/apache/hedwig/client/benchmark/BenchmarkSubscriber.java,141.0,4.0,4.0,4.0,4.0,4.0,4.0,4.0,1,1,0,False
1,hedwig-client/src/main/java/org/apache/hedwig/client/benchmark/BenchmarkUtils.java,190.0,15.0,15.0,15.0,17.0,13.0,13.0,13.0,1,1,0,False
1,hedwig-client/src/main/java/org/apache/hedwig/client/benchmark/BenchmarkWorker.java,46.0,0.0,0.0,0.0,0.0,0.0,0.0,0.0,0,0,0,False
1,hedwig-client/src/main/java/org/apache/hedwig/client/benchmark/HedwigBenchmark.java,165.0,59.0,59.0,59.0,81.0,37.0,37.0,37.0,1,1,0,False
1,hedwig-client/src/main/java/org/apache/hedwig/client/conf/ClientConfiguration.java,162.0,13.0,13.0,13.0,13.0,13.0,13.0,13.0,1,1,0,False
1,hedwig-client/src/main/java/org/apache/hedwig/client/data/MessageConsumeData.java,58.0,0.0,0.0,0.0,0.0,0.0,0.0,0.0,0,0,0,False
1,hedwig-client/src/main/java/org/apache/hedwig/client/data/PubSubData.java,148.0,9.0,9.0,9.0,19.0,1.0,1.0,1.0,1,1,0,False
1,hedwig-client/src/main/java/org/apache/hedwig/client/data/TopicSubscriber.java,74.0,0.0,0.0,0.0,0.0,0.0,0.0,0.0,0,0,0,False
1,hedwig-client/src/main/java/org/apache/hedwig/client/exceptions/AlreadyStartDeliveryException.java,36.0,36.0,36.0,36.0,36.0,36.0,36.0,36.0,1,1,0,False
1,hedwig-client/src/main/java/org/apache/hedwig/client/exceptions/InvalidSubscriberIdException.java,37.0,0.0,0.0,0.0,0.0,0.0,0.0,0.0,0,0,0,False
1,hedwig-client/src/main/java/org/apache/hedwig/client/exceptions/ServerRedirectLoopException.java,38.0,0.0,0.0,0.0,0.0,0.0,0.0,0.0,0,0,0,False
1,hedwig-client/src/main/java/org/apache/hedwig/client/exceptions/TooManyServerRedirectsException.java,39.0,0.0,0.0,0.0,0.0,0.0,0.0,0.0,0,0,0,False
1,hedwig-client/src/main/java/org/apache/hedwig/client/handlers/MessageConsumeCallback.java,96.0,0.0,0.0,0.0,0.0,0.0,0.0,0.0,0,0,0,False
1,hedwig-client/src/main/java/org/apache/hedwig/client/handlers/PubSubCallback.java,88.0,0.0,0.0,0.0,0.0,0.0,0.0,0.0,0,0,0,False
1,hedwig-client/src/main/java/org/apache/hedwig/client/handlers/PublishResponseHandler.java,71.0,0.0,0.0,0.0,0.0,0.0,0.0,0.0,0,0,0,False
1,hedwig-client/src/main/java/org/apache/hedwig/client/handlers/SubscribeReconnectCallback.java,114.0,14.0,14.0,14.0,28.0,0.0,0.0,0.0,1,1,0,False
1,hedwig-client/src/main/java/org/apache/hedwig/client/handlers/SubscribeResponseHandler.java,342.0,42.0,42.0,42.0,78.0,6.0,6.0,6.0,1,1,0,False
1,hedwig-client/src/main/java/org/apache/hedwig/client/handlers/UnsubscribeResponseHandler.java,84.0,0.0,0.0,0.0,0.0,0.0,0.0,0.0,0,0,0,False
1,hedwig-client/src/main/java/org/apache/hedwig/client/netty/ClientChannelPipelineFactory.java,58.0,0.0,0.0,0.0,0.0,0.0,0.0,0.0,0,0,0,False
1,hedwig-client/src/main/java/org/apache/hedwig/client/netty/ConnectCallback.java,129.0,7.0,7.0,7.0,8.0,6.0,6.0,6.0,1,1,1,False
1,hedwig-client/src/main/java/org/apache/hedwig/client/netty/HedwigClientImpl.java,363.0,5.0,5.0,5.0,16.0,6.0,6.0,6.0,1,1,1,False
1,hedwig-client/src/main/java/org/apache/hedwig/client/netty/HedwigPublisher.java,242.0,12.0,12.0,12.0,13.0,11.0,11.0,11.0,1,1,1,False
1,hedwig-client/src/main/java/org/apache/hedwig/client/netty/HedwigSubscriber.java,682.0,120.0,38.0,30.0,144.0,96.0,37.0,24.0,1,4,1,False
1,hedwig-client/src/main/java/org/apache/hedwig/client/netty/ResponseHandler.java,366.0,1.0,1.0,1.0,2.0,0.0,0.0,0.0,1,1,0,False
1,hedwig-client/src/main/java/org/apache/hedwig/client/netty/WriteCallback.java,103.0,5.0,5.0,5.0,6.0,4.0,4.0,4.0,1,1,1,False
1,hedwig-client/src/main/java/org/apache/hedwig/client/ssl/SslClientContextFactory.java,41.0,0.0,0.0,0.0,0.0,0.0,0.0,0.0,0,0,0,False
1,hedwig-client/src/main/java/org/apache/hedwig/client/ssl/SslContextFactory.java,66.0,0.0,0.0,0.0,0.0,0.0,0.0,0.0,0,0,0,False
1,hedwig-client/src/main/java/org/apache/hedwig/conf/AbstractConfiguration.java,63.0,9.0,9.0,9.0,9.0,9.0,9.0,9.0,1,1,0,False
1,hedwig-client/src/main/java/org/apache/hedwig/util/Callback.java,47.0,0.0,0.0,0.0,0.0,0.0,0.0,0.0,0,0,0,False
1,hedwig-client/src/main/java/org/apache/hedwig/util/CallbackUtils.java,183.0,0.0,0.0,0.0,0.0,0.0,0.0,0.0,0,0,0,False
1,hedwig-client/src/main/java/org/apache/hedwig/util/ConcurrencyUtils.java,49.0,0.0,0.0,0.0,0.0,0.0,0.0,0.0,0,0,0,False
1,hedwig-client/src/main/java/org/apache/hedwig/util/Either.java,50.0,0.0,0.0,0.0,0.0,0.0,0.0,0.0,0,0,0,False
1,hedwig-client/src/main/java/org/apache/hedwig/util/FileUtils.java,98.0,0.0,0.0,0.0,0.0,0.0,0.0,0.0,0,0,0,False
1,hedwig-client/src/main/java/org/apache/hedwig/util/HedwigSocketAddress.java,143.0,5.0,5.0,5.0,5.0,5.0,5.0,5.0,1,1,0,False
1,hedwig-client/src/main/java/org/apache/hedwig/util/Option.java,43.0,0.0,0.0,0.0,0.0,0.0,0.0,0.0,0,0,0,False
1,hedwig-client/src/main/java/org/apache/hedwig/util/Pair.java,42.0,0.0,0.0,0.0,0.0,0.0,0.0,0.0,0,0,0,False
1,hedwig-client/src/main/java/org/apache/hedwig/util/PathUtils.java,56.0,3.0,3.0,3.0,6.0,0.0,0.0,0.0,1,1,0,False
1,hedwig-protocol/src/main/java/org/apache/hedwig/exceptions/PubSubException.java,162.0,0.0,0.0,0.0,0.0,0.0,0.0,0.0,0,0,0,False
1,hedwig-protocol/src/main/java/org/apache/hedwig/protocol/PubSubProtocol.java,6523.0,6504.0,6504.0,6504.0,12852.0,156.0,156.0,156.0,1,1,0,False
1,hedwig-protocol/src/main/java/org/apache/hedwig/protoextensions/MessageIdUtils.java,153.0,0.0,0.0,0.0,0.0,0.0,0.0,0.0,0,0,0,False
1,hedwig-protocol/src/main/java/org/apache/hedwig/protoextensions/PubSubResponseUtils.java,43.0,1.0,1.0,1.0,2.0,0.0,0.0,0.0,1,1,0,False
1,hedwig-protocol/src/main/java/org/apache/hedwig/protoextensions/SubscriptionStateUtils.java,41.0,0.0,0.0,0.0,0.0,0.0,0.0,0.0,0,0,0,False
1,hedwig-server/src/main/java/org/apache/hedwig/admin/HedwigAdmin.java,400.0,410.0,400.0,136.66667,417.0,403.0,400.0,134.33333,2,3,0,False
1,hedwig-server/src/main/java/org/apache/hedwig/admin/console/HedwigCommands.java,425.0,429.0,425.0,214.5,432.0,426.0,425.0,213.0,1,2,0,False
1,hedwig-server/src/main/java/org/apache/hedwig/admin/console/HedwigConsole.java,1041.0,1069.0,1041.0,534.5,1085.0,1053.0,1041.0,526.5,1,2,0,False
1,hedwig-server/src/main/java/org/apache/hedwig/admin/console/JLineHedwigCompletor.java,92.0,92.0,92.0,92.0,92.0,92.0,92.0,92.0,1,1,0,False
1,hedwig-server/src/main/java/org/apache/hedwig/admin/console/ReadTopic.java,355.0,355.0,355.0,177.5,357.0,357.0,355.0,178.5,1,2,0,False
1,hedwig-server/src/main/java/org/apache/hedwig/data/MessageFormatter.java,123.0,123.0,123.0,123.0,123.0,123.0,123.0,123.0,1,1,0,False
1,hedwig-server/src/main/java/org/apache/hedwig/server/benchmark/AbstractBenchmark.java,105.0,0.0,0.0,0.0,0.0,0.0,0.0,0.0,0,0,0,False
1,hedwig-server/src/main/java/org/apache/hedwig/server/benchmark/BookieBenchmark.java,105.0,0.0,0.0,0.0,0.0,0.0,0.0,0.0,0,0,0,False
1,hedwig-server/src/main/java/org/apache/hedwig/server/benchmark/BookkeeperBenchmark.java,92.0,0.0,0.0,0.0,0.0,0.0,0.0,0.0,0,0,0,False
1,hedwig-server/src/main/java/org/apache/hedwig/server/benchmark/FakeBookie.java,101.0,0.0,0.0,0.0,0.0,0.0,0.0,0.0,0,0,0,False
1,hedwig-server/src/main/java/org/apache/hedwig/server/common/ByteStringInterner.java,45.0,0.0,0.0,0.0,0.0,0.0,0.0,0.0,0,0,0,False
1,hedwig-server/src/main/java/org/apache/hedwig/server/common/ServerConfiguration.java,299.0,12.0,8.0,6.0,14.0,10.0,8.0,5.0,1,2,0,False
1,hedwig-server/src/main/java/org/apache/hedwig/server/common/TerminateJVMExceptionHandler.java,32.0,1.0,1.0,1.0,2.0,0.0,0.0,0.0,1,1,0,False
1,hedwig-server/src/main/java/org/apache/hedwig/server/common/TopicOpQueuer.java,111.0,0.0,0.0,0.0,0.0,0.0,0.0,0.0,0,0,0,False
1,hedwig-server/src/main/java/org/apache/hedwig/server/common/UnexpectedError.java,35.0,0.0,0.0,0.0,0.0,0.0,0.0,0.0,0,0,0,False
1,hedwig-server/src/main/java/org/apache/hedwig/server/delivery/ChannelEndPoint.java,85.0,4.0,4.0,4.0,4.0,4.0,4.0,4.0,1,1,0,False
1,hedwig-server/src/main/java/org/apache/hedwig/server/delivery/DeliveryCallback.java,27.0,0.0,0.0,0.0,0.0,0.0,0.0,0.0,0,0,0,False
1,hedwig-server/src/main/java/org/apache/hedwig/server/delivery/DeliveryEndPoint.java,28.0,0.0,0.0,0.0,0.0,0.0,0.0,0.0,0,0,0,False
1,hedwig-server/src/main/java/org/apache/hedwig/server/delivery/DeliveryManager.java,36.0,7.0,5.0,3.5,7.0,7.0,5.0,3.5,1,2,0,False
1,hedwig-server/src/main/java/org/apache/hedwig/server/delivery/FIFODeliveryManager.java,574.0,11.0,8.0,5.5,14.0,8.0,5.0,4.0,1,2,0,False
1,hedwig-server/src/main/java/org/apache/hedwig/server/handlers/BaseHandler.java,67.0,3.0,3.0,3.0,3.0,3.0,3.0,3.0,1,1,0,False
1,hedwig-server/src/main/java/org/apache/hedwig/server/handlers/ChannelDisconnectListener.java,29.0,0.0,0.0,0.0,0.0,0.0,0.0,0.0,0,0,0,False
1,hedwig-server/src/main/java/org/apache/hedwig/server/handlers/ConsumeHandler.java,72.0,8.0,8.0,8.0,8.0,8.0,8.0,8.0,1,1,0,False
1,hedwig-server/src/main/java/org/apache/hedwig/server/handlers/Handler.java,37.0,0.0,0.0,0.0,0.0,0.0,0.0,0.0,0,0,0,False
1,hedwig-server/src/main/java/org/apache/hedwig/server/handlers/NettyHandlerBean.java,51.0,52.0,51.0,26.0,53.0,51.0,51.0,25.5,1,2,0,False
1,hedwig-server/src/main/java/org/apache/hedwig/server/handlers/NettyHandlerMXBean.java,31.0,31.0,31.0,31.0,31.0,31.0,31.0,31.0,1,1,0,False
1,hedwig-server/src/main/java/org/apache/hedwig/server/handlers/PublishHandler.java,77.0,9.0,9.0,9.0,9.0,9.0,9.0,9.0,1,1,0,False
1,hedwig-server/src/main/java/org/apache/hedwig/server/handlers/SubscribeHandler.java,168.0,14.0,14.0,14.0,14.0,14.0,14.0,14.0,1,1,0,False
1,hedwig-server/src/main/java/org/apache/hedwig/server/handlers/UnsubscribeHandler.java,81.0,10.0,10.0,10.0,11.0,9.0,9.0,9.0,1,1,0,False
1,hedwig-server/src/main/java/org/apache/hedwig/server/jmx/HedwigJMXService.java,37.0,37.0,37.0,37.0,37.0,37.0,37.0,37.0,1,1,0,False
1,hedwig-server/src/main/java/org/apache/hedwig/server/jmx/HedwigMBeanInfo.java,27.0,27.0,27.0,27.0,27.0,27.0,27.0,27.0,1,1,0,False
1,hedwig-server/src/main/java/org/apache/hedwig/server/jmx/HedwigMBeanRegistry.java,48.0,48.0,48.0,48.0,48.0,48.0,48.0,48.0,1,1,0,False
1,hedwig-server/src/main/java/org/apache/hedwig/server/netty/PubSubServer.java,436.0,79.0,53.0,26.333334,107.0,67.0,53.0,22.333334,1,3,0,False
1,hedwig-server/src/main/java/org/apache/hedwig/server/netty/PubSubServerBean.java,77.0,77.0,77.0,77.0,77.0,77.0,77.0,77.0,1,1,0,False
1,hedwig-server/src/main/java/org/apache/hedwig/server/netty/PubSubServerMXBean.java,63.0,63.0,63.0,63.0,63.0,63.0,63.0,63.0,1,1,0,False
1,hedwig-server/src/main/java/org/apache/hedwig/server/netty/PubSubServerPipelineFactory.java,76.0,0.0,0.0,0.0,0.0,0.0,0.0,0.0,0,0,0,False
1,hedwig-server/src/main/java/org/apache/hedwig/server/netty/ServerStats.java,191.0,194.0,191.0,97.0,196.0,192.0,191.0,96.0,1,2,0,False
1,hedwig-server/src/main/java/org/apache/hedwig/server/netty/UmbrellaHandler.java,160.0,1.0,1.0,1.0,1.0,1.0,1.0,1.0,1,1,0,False
1,hedwig-server/src/main/java/org/apache/hedwig/server/persistence/BookkeeperPersistenceManager.java,906.0,207.0,165.0,69.0,245.0,169.0,131.0,56.333332,1,3,0,False
1,hedwig-server/src/main/java/org/apache/hedwig/server/persistence/CacheKey.java,74.0,0.0,0.0,0.0,0.0,0.0,0.0,0.0,0,0,0,False
1,hedwig-server/src/main/java/org/apache/hedwig/server/persistence/CacheValue.java,94.0,0.0,0.0,0.0,0.0,0.0,0.0,0.0,0,0,0,False
1,hedwig-server/src/main/java/org/apache/hedwig/server/persistence/Factory.java,22.0,0.0,0.0,0.0,0.0,0.0,0.0,0.0,0,0,0,False
1,hedwig-server/src/main/java/org/apache/hedwig/server/persistence/LocalDBPersistenceManager.java,481.0,62.0,50.0,31.0,70.0,54.0,42.0,27.0,1,2,0,False
1,hedwig-server/src/main/java/org/apache/hedwig/server/persistence/MapMethods.java,62.0,0.0,0.0,0.0,0.0,0.0,0.0,0.0,0,0,0,False
1,hedwig-server/src/main/java/org/apache/hedwig/server/persistence/PersistRequest.java,58.0,0.0,0.0,0.0,0.0,0.0,0.0,0.0,0,0,0,False
1,hedwig-server/src/main/java/org/apache/hedwig/server/persistence/PersistenceManager.java,94.0,3.0,3.0,3.0,3.0,3.0,3.0,3.0,1,1,0,False
1,hedwig-server/src/main/java/org/apache/hedwig/server/persistence/PersistenceManagerWithRangeScan.java,27.0,0.0,0.0,0.0,0.0,0.0,0.0,0.0,0,0,0,False
1,hedwig-server/src/main/java/org/apache/hedwig/server/persistence/RangeScanRequest.java,77.0,0.0,0.0,0.0,0.0,0.0,0.0,0.0,0,0,0,False
1,hedwig-server/src/main/java/org/apache/hedwig/server/persistence/ReadAheadCache.java,744.0,43.0,29.0,14.333333,46.0,40.0,28.0,13.333333,1,3,0,False
1,hedwig-server/src/main/java/org/apache/hedwig/server/persistence/ReadAheadCacheBean.java,64.0,64.0,64.0,64.0,64.0,64.0,64.0,64.0,1,1,0,False
1,hedwig-server/src/main/java/org/apache/hedwig/server/persistence/ReadAheadCacheMXBean.java,45.0,45.0,45.0,45.0,45.0,45.0,45.0,45.0,1,1,0,False
1,hedwig-server/src/main/java/org/apache/hedwig/server/persistence/ScanCallback.java,63.0,0.0,0.0,0.0,0.0,0.0,0.0,0.0,0,0,0,False
1,hedwig-server/src/main/java/org/apache/hedwig/server/persistence/ScanCallbackWithContext.java,37.0,0.0,0.0,0.0,0.0,0.0,0.0,0.0,0,0,0,False
1,hedwig-server/src/main/java/org/apache/hedwig/server/persistence/ScanRequest.java,64.0,0.0,0.0,0.0,0.0,0.0,0.0,0.0,0,0,0,False
1,hedwig-server/src/main/java/org/apache/hedwig/server/proxy/ChannelTracker.java,124.0,0.0,0.0,0.0,0.0,0.0,0.0,0.0,0,0,0,False
1,hedwig-server/src/main/java/org/apache/hedwig/server/proxy/HedwigProxy.java,172.0,21.0,11.0,10.5,30.0,12.0,10.0,6.0,1,2,0,False
1,hedwig-server/src/main/java/org/apache/hedwig/server/proxy/ProxyConfiguration.java,36.0,2.0,2.0,2.0,4.0,0.0,0.0,0.0,1,1,0,False
1,hedwig-server/src/main/java/org/apache/hedwig/server/proxy/ProxyConsumeHandler.java,58.0,0.0,0.0,0.0,0.0,0.0,0.0,0.0,0,0,0,False
1,hedwig-server/src/main/java/org/apache/hedwig/server/proxy/ProxyPublishHander.java,62.0,0.0,0.0,0.0,0.0,0.0,0.0,0.0,0,0,0,False
1,hedwig-server/src/main/java/org/apache/hedwig/server/proxy/ProxyStartDeliveryHandler.java,132.0,4.0,4.0,4.0,6.0,2.0,2.0,2.0,1,1,0,False
1,hedwig-server/src/main/java/org/apache/hedwig/server/proxy/ProxyStopDeliveryHandler.java,74.0,1.0,1.0,1.0,2.0,0.0,0.0,0.0,1,1,0,False
1,hedwig-server/src/main/java/org/apache/hedwig/server/proxy/ProxySubscribeHandler.java,83.0,0.0,0.0,0.0,0.0,0.0,0.0,0.0,0,0,0,False
1,hedwig-server/src/main/java/org/apache/hedwig/server/proxy/ProxyUnsubscribeHandler.java,74.0,0.0,0.0,0.0,0.0,0.0,0.0,0.0,0,0,0,False
1,hedwig-server/src/main/java/org/apache/hedwig/server/regions/HedwigHubClient.java,48.0,0.0,0.0,0.0,0.0,0.0,0.0,0.0,0,0,0,False
1,hedwig-server/src/main/java/org/apache/hedwig/server/regions/HedwigHubClientFactory.java,60.0,0.0,0.0,0.0,0.0,0.0,0.0,0.0,0,0,0,False
1,hedwig-server/src/main/java/org/apache/hedwig/server/regions/HedwigHubSubscriber.java,86.0,18.0,18.0,18.0,20.0,16.0,16.0,16.0,1,1,0,False
1,hedwig-server/src/main/java/org/apache/hedwig/server/regions/RegionManager.java,355.0,253.0,241.0,84.333336,334.0,186.0,174.0,62.0,1,3,0,False
1,hedwig-server/src/main/java/org/apache/hedwig/server/ssl/SslServerContextFactory.java,53.0,0.0,0.0,0.0,0.0,0.0,0.0,0.0,0,0,0,False
1,hedwig-server/src/main/java/org/apache/hedwig/server/subscriptions/AbstractSubscriptionManager.java,612.0,185.0,98.0,46.25,210.0,160.0,92.0,40.0,1,4,0,False
1,hedwig-server/src/main/java/org/apache/hedwig/server/subscriptions/AllToAllTopologyFilter.java,39.0,0.0,0.0,0.0,0.0,0.0,0.0,0.0,0,0,0,False
1,hedwig-server/src/main/java/org/apache/hedwig/server/subscriptions/InMemorySubscriptionManager.java,78.0,0.0,0.0,0.0,0.0,0.0,0.0,0.0,0,0,0,False
1,hedwig-server/src/main/java/org/apache/hedwig/server/subscriptions/InMemorySubscriptionState.java,85.0,24.0,24.0,24.0,27.0,21.0,21.0,21.0,1,1,0,False
1,hedwig-server/src/main/java/org/apache/hedwig/server/subscriptions/MessageFilter.java,31.0,0.0,0.0,0.0,0.0,0.0,0.0,0.0,0,0,0,False
1,hedwig-server/src/main/java/org/apache/hedwig/server/subscriptions/SubscriptionEventListener.java,57.0,0.0,0.0,0.0,0.0,0.0,0.0,0.0,0,0,0,False
1,hedwig-server/src/main/java/org/apache/hedwig/server/subscriptions/SubscriptionManager.java,108.0,4.0,4.0,4.0,4.0,4.0,4.0,4.0,1,1,0,False
1,hedwig-server/src/main/java/org/apache/hedwig/server/subscriptions/TrueFilter.java,32.0,1.0,1.0,1.0,2.0,0.0,0.0,0.0,1,1,0,False
1,hedwig-server/src/main/java/org/apache/hedwig/server/subscriptions/ZkSubscriptionManager.java,227.0,0.0,0.0,0.0,0.0,0.0,0.0,0.0,0,0,0,False
1,hedwig-server/src/main/java/org/apache/hedwig/server/topics/AbstractTopicManager.java,201.0,4.0,4.0,4.0,4.0,4.0,4.0,4.0,1,1,0,False
1,hedwig-server/src/main/java/org/apache/hedwig/server/topics/TopicManager.java,80.0,5.0,5.0,5.0,5.0,5.0,5.0,5.0,1,1,0,False
1,hedwig-server/src/main/java/org/apache/hedwig/server/topics/TopicOwnershipChangeListener.java,28.0,0.0,0.0,0.0,0.0,0.0,0.0,0.0,0,0,0,False
1,hedwig-server/src/main/java/org/apache/hedwig/server/topics/TrivialOwnAllTopicManager.java,57.0,5.0,5.0,5.0,5.0,5.0,5.0,5.0,1,1,0,False
1,hedwig-server/src/main/java/org/apache/hedwig/server/topics/ZkTopicManager.java,446.0,18.0,17.0,9.0,19.0,17.0,17.0,8.5,1,2,0,False
1,hedwig-server/src/main/java/org/apache/hedwig/zookeeper/SafeAsynBKCallback.java,103.0,0.0,0.0,0.0,0.0,0.0,0.0,0.0,0,0,0,False
1,hedwig-server/src/main/java/org/apache/hedwig/zookeeper/SafeAsyncCallback.java,35.0,1.0,1.0,1.0,2.0,0.0,0.0,0.0,1,1,0,False
1,hedwig-server/src/main/java/org/apache/hedwig/zookeeper/SafeAsyncZKCallback.java,98.0,0.0,0.0,0.0,0.0,0.0,0.0,0.0,0,0,0,False
1,hedwig-server/src/main/java/org/apache/hedwig/zookeeper/ZkUtils.java,79.0,0.0,0.0,0.0,0.0,0.0,0.0,0.0,0,0,0,False
